{
  "losses": [
    0.0004360192676454737,
    0.000254305140220569,
    0.00023876960758405994,
    0.00023202905953381537,
    0.00022778943487760178,
    0.0002250776252623805,
    0.0002227759701491447,
    0.00022150734400581748,
    0.00021997985933960436,
    0.00021903816074993364,
    0.0002177986651134433,
    0.00021728459156677087,
    0.00021657473240138396,
    0.00021599535192942055,
    0.00021578352526782705,
    0.00021506841545801687,
    0.00021476755604564278,
    0.00021424822953153343,
    0.00021380432742746814,
    0.0002134058380019368,
    0.0002134325494490569,
    0.00021299558508864537,
    0.00021268670012867491,
    0.0002124491493007673,
    0.00021230009853548948,
    0.0002120256710483371,
    0.00021187125407926555,
    0.00021152772327118744,
    0.00021153269414029267,
    0.00021138248913288158,
    0.00021107230717102923,
    0.00021094520943392472,
    0.00021095410949057293,
    0.00021051550085885546,
    0.00021042279352282914,
    0.0002105591779505283,
    0.00021034152990117333,
    0.00021024162730486976,
    0.00021014307754724918,
    0.00020982724259500747,
    0.00020976951815525276,
    0.00020971370631600014,
    0.000209502661031729,
    0.000209547342256616,
    0.00020948723976889474,
    0.00020953901349238198,
    0.00020932699465420378,
    0.00020923025874788637,
    0.00020909237791925996,
    0.00020891887899795376,
    0.00020886355663879785,
    0.00020882331135632485,
    0.0002089715624980639,
    0.00020878950179313514,
    0.00020876662855589577,
    0.0002086418494820813,
    0.000208616299626265,
    0.00020848249898106953,
    0.00020840870291912868,
    0.00020836920155010318,
    0.00020829671237341144,
    0.00020822296348976623,
    0.0002081738803651745,
    0.00020819031737629123,
    0.00020800343738945778,
    0.00020813913530326518,
    0.00020801571337626814,
    0.000208002802150813,
    0.00020814728118296916,
    0.00020771871569956764,
    0.00020782099376740444,
    0.00020771629511933277,
    0.00020767913074428695,
    0.00020753304013196254,
    0.00020769592613305667
  ],
  "metrics": {
    "adjusted_mean_rank": 0.8856902417716502,
    "hits_at_k": {
      "avg": {
        "1": 0.0008616486967563462,
        "3": 0.0023638651746539234,
        "5": 0.0037583755654569573,
        "10": 0.007102933006813827
      },
      "best": {
        "1": 0.0008616486967563462,
        "3": 0.0023638651746539234,
        "5": 0.0037583755654569573,
        "10": 0.007102933006813827
      },
      "worst": {
        "1": 0.0008616486967563462,
        "3": 0.0023638651746539234,
        "5": 0.0037583755654569573,
        "10": 0.007102933006813827
      }
    },
    "mean_rank": {
      "avg": 4219.424378989377,
      "best": 4219.424288289514,
      "worst": 4219.424469689239
    },
    "mean_reciprocal_rank": {
      "avg": 0.0041139593131901625,
      "best": 0.0041139593889725126,
      "worst": 0.0041139592376252575
    }
  },
  "times": {
    "evaluation": 28.649736881256104,
    "training": 284.7543499469757
  }
}