{
  "losses": [
    0.004375489542836651,
    0.003490144644224668,
    0.0032502620192990704,
    0.003115046316498497,
    0.003022964299426256,
    0.002950070469466777,
    0.0028902630799995293,
    0.0028372864993628007,
    0.0027901587364639164,
    0.002749369433926057,
    0.0027121878682412467,
    0.002679257899053617,
    0.0026488337096256683,
    0.00262251013077477,
    0.0025978463336963653,
    0.0025759946443331206,
    0.0025545580330781975,
    0.0025344969098049946,
    0.00251720264684028,
    0.0025010080586713667,
    0.002484451070065589,
    0.002470544912895634,
    0.002456145907512592,
    0.002443371739356615,
    0.0024298633030747996,
    0.0024176783158897665,
    0.0024059191837380316,
    0.0023957163254452853,
    0.0023843878612732614,
    0.0023741614234626496,
    0.0023637780729215616,
    0.0023548342410660158,
    0.002344556871307594,
    0.002335573453271906,
    0.0023284224132069094,
    0.0023182271664584884,
    0.002310682915530784,
    0.002301424823177183,
    0.0022940380931871676,
    0.002286762747225121,
    0.0022780587140722114,
    0.002269967336661313,
    0.0022630602138754632,
    0.002254987405791039,
    0.002247890974033036,
    0.002240108486988394,
    0.002234055044691565,
    0.002226671773035342,
    0.002221674385250884,
    0.0022114741311831617,
    0.0022057644782669497,
    0.002199904956251102,
    0.002193818002412618,
    0.0021862956386662093,
    0.002180272393519617,
    0.0021739871051673566,
    0.0021674795490940644,
    0.00216185956028151,
    0.0021563261655622307,
    0.002147975890475107,
    0.002143249418203512,
    0.0021369523433867744,
    0.0021302420744680303,
    0.002125350946565771,
    0.00211944034629449,
    0.0021127920623070285,
    0.0021068030268732883,
    0.0021020334601640836,
    0.002096998826868048,
    0.0020895671993594557,
    0.0020845405211603477,
    0.0020784042399429447,
    0.002072331248514716,
    0.0020671797208333615,
    0.0020605344176525564
  ],
  "metrics": {
    "adjusted_mean_rank": 0.8880132182148579,
    "hits_at_k": {
      "avg": {
        "1": 0.0034919447184336132,
        "3": 0.005685747650306679,
        "5": 0.007539426096618029,
        "10": 0.011694613561896987
      },
      "best": {
        "1": 0.0034919447184336132,
        "3": 0.005685747650306679,
        "5": 0.007539426096618029,
        "10": 0.011694613561896987
      },
      "worst": {
        "1": 0.0034919447184336132,
        "3": 0.005685747650306679,
        "5": 0.007539426096618029,
        "10": 0.011694613561896987
      }
    },
    "mean_rank": {
      "avg": 4228.66206931737,
      "best": 4228.659342652744,
      "worst": 4228.664795981996
    },
    "mean_reciprocal_rank": {
      "avg": 0.007645100393052558,
      "best": 0.00764510683449702,
      "worst": 0.007645094093198706
    }
  },
  "times": {
    "evaluation": 32.933429479599,
    "training": 443.14915561676025
  }
}